Gene_set,Term,Overlap,P-value,Adjusted P-value,Old P-value,Old Adjusted P-value,Odds Ratio,Combined Score,Genes
KEGG_2021_Human,Cell cycle,20/124,1.9539139155611682e-13,4.650315119035579e-11,0,0,10.514436543848309,307.6920706970509,PCNA;PLK1;BUB1B;TTK;YWHAZ;CDC20;CCNA2;CCNB2;CCNB1;DBF4;CDC45;PTTG1;CHEK1;CDK1;MCM4;MCM6;BUB1;YWHAH;MCM2;MAD2L1
KEGG_2021_Human,Oocyte meiosis,16/129,2.845823905267949e-09,3.38653044726886e-07,0,0,7.652293285612727,150.5773370131152,PLK1;PPP2R5C;YWHAZ;AURKA;CDC20;AR;CCNB2;CCNB1;PTTG1;CDK1;MAPK1;PGR;CPEB2;BUB1;YWHAH;MAD2L1
KEGG_2021_Human,DNA replication,8/36,2.823271015266817e-07,2.239795005445008e-05,0,0,15.172280294231514,228.8010137633825,FEN1;PCNA;RNASEH1;RFC4;RFC2;MCM4;MCM6;MCM2
KEGG_2021_Human,Progesterone-mediated oocyte maturation,12/100,3.997228203831406e-07,2.3783507812796864e-05,0,0,7.298256537982565,107.52152415274304,CCNA2;CCNB2;CCNB1;PLK1;CDK1;GNAI3;MAPK1;PGR;CPEB2;BUB1;AURKA;MAD2L1
KEGG_2021_Human,Mismatch repair,6/23,3.3174550628650907e-06,0.00015791086099237832,0,0,18.651656889170763,235.315134125992,MSH6;PCNA;RFC4;MSH2;RFC2;EXO1
KEGG_2021_Human,p53 signaling pathway,8/73,6.835241409392649e-05,0.0027113124257257,0,0,6.523410464873879,62.56494476776621,TP53AIP1;CCNB2;CCNB1;RRM2;CHEK1;CDK1;CYCS;GTSE1
KEGG_2021_Human,AMPK signaling pathway,9/120,0.0004541627897449977,0.0140995964371603,0,0,4.299059929494712,33.090100108584494,CCNA2;RAB10;RHEB;LEP;AKT1S1;SCD5;PPP2R5C;ACACB;ELAVL1
KEGG_2021_Human,One carbon pool by folate,4/20,0.0004739360146944656,0.0140995964371603,0,0,13.14142091152815,100.5901946937013,ALDH1L1;MTHFD2;TYMS;GART
KEGG_2021_Human,Pathogenic Escherichia coli infection,11/197,0.0013329273777773,0.0337465009818267,0,0,3.140710382513661,20.79268903997405,ACTR3;CLDN5;ACTR2;RAB1A;SEC24A;ARPC5L;CLDN19;CYCS;MAPK1;ARPC5;EZR
KEGG_2021_Human,Tight junction,10/169,0.0014179202093204,0.0337465009818267,0,0,3.335561153668192,21.8764917102797,ACTR3;CLDN5;ACTR2;PRKCI;PCNA;ERBB2;ARPC5L;CLDN19;ARPC5;EZR
KEGG_2021_Human,Adrenergic signaling in cardiomyocytes,9/150,0.0022044983372583,0.0476973276606807,0,0,3.379162812210916,20.67120164761812,TPM3;TPM2;GNAI3;ATP2A2;MAPK1;ATP1A2;PPP2R5C;SCN4B;RAPGEF3
KEGG_2021_Human,Cellular senescence,9/156,0.0028725574152288,0.0569723887353718,0,0,3.2402395740905057,18.963672416125757,CCNA2;CCNB2;CCNB1;RHEB;CHEK1;CDK1;MAPK1;MYBL2;FOXM1
KEGG_2021_Human,Purine metabolism,8/129,0.0031212954760013,0.0571437171760245,0,0,3.4942775874039733,20.16025951298384,PNP;RRM2;NPR1;PDE2A;GMPS;HPRT1;NUDT5;GART
KEGG_2021_Human,Pyrimidine metabolism,5/56,0.0040265221995719,0.0684508773927233,0,0,5.158127767235927,28.44631254034721,PNP;RRM2;CTPS1;TK1;TYMS
KEGG_2021_Human,Spliceosome,8/150,0.007679310148967,0.1218450543636112,0,0,2.9743119966410934,14.48259599808479,PRPF4;ALYREF;SNRPG;SRSF3;CDC5L;SRSF5;HNRNPC;LSM4
KEGG_2021_Human,Regulation of actin cytoskeleton,10/218,0.0086111337196691,0.1280906140800783,0,0,2.543360930622511,12.092916422369,FGD3;ACTR3;ACTR2;CFL1;ARPC5L;ITGA7;MAPK1;ARPC5;EZR;IQGAP3
KEGG_2021_Human,Fc gamma R-mediated phagocytosis,6/97,0.0101260678934857,0.1417649505088002,0,0,3.471224193596161,15.94209071921751,ACTR3;ACTR2;CFL1;ARPC5L;MAPK1;ARPC5
KEGG_2021_Human,Chemical carcinogenesis,10/239,0.0156305827895286,0.1967862379991714,0,0,2.307628237925824,9.596331676479398,AR;CYP1A2;GNAI3;BIRC5;MAPK1;PGR;PPARA;KPNA2;ESR1;GSTM5
KEGG_2021_Human,Protein processing in endoplasmic reticulum,8/171,0.016031704567744,0.1967862379991714,0,0,2.588325269755765,10.698032309903605,TRAM1;HSPH1;SEC24A;RPN2;WFS1;UBE2G1;P4HB;PDIA6
KEGG_2021_Human,Drug metabolism,6/108,0.0165366586553925,0.1967862379991714,0,0,3.095132392579673,12.69677665944148,RRM2;CYP1A2;GMPS;HPRT1;TK1;GSTM5
KEGG_2021_Human,Colorectal cancer,5/86,0.0233021478193622,0.2640910086194393,0,0,3.242731979291119,12.190109645852996,MSH6;MSH2;BIRC5;MAPK1;CYCS
KEGG_2021_Human,Hepatitis C,7/157,0.0295508486893376,0.3196864540028346,0,0,2.456054054054054,8.649345112934817,CLDN5;CLDN19;CYCS;MAPK1;PPARA;YWHAZ;YWHAH
KEGG_2021_Human,mRNA surveillance pathway,5/98,0.0379647662400766,0.3807278981711502,0,0,2.8225806451612905,9.23293438511606,CPSF6;ALYREF;CPSF2;PPP2R5C;GSPT1
KEGG_2021_Human,Viral carcinogenesis,8/203,0.0390867902032264,0.3807278981711502,0,0,2.160016677089848,7.002710812200256,CDC20;CCNA2;CHEK1;CDK1;MAPK1;IL6ST;YWHAZ;YWHAH
KEGG_2021_Human,Nitrogen metabolism,2/17,0.0399924262784821,0.3807278981711502,0,0,6.971733333333333,22.44246405825038,CA12;CA4
KEGG_2021_Human,Adherens junction,4/71,0.0450532725404753,0.397909714860053,0,0,3.1300868312592534,9.702986389704204,ERBB2;MAPK1;ACP1;NECTIN2
KEGG_2021_Human,Salmonella infection,9/249,0.0471500200691833,0.397909714860053,0,0,1.9751698369565216,6.032999920948299,ACTR3;ACTR2;RHOJ;ARPC5L;M6PR;CYCS;MAPK1;ARPC5;ARL8B
KEGG_2021_Human,Human immunodeficiency virus 1 infection,8/212,0.0482796999252231,0.397909714860053,0,0,2.0637653435357883,6.254744634730845,CCNB2;CCNB1;CHEK1;CFL1;GNAI3;CDK1;CYCS;MAPK1
KEGG_2021_Human,Ubiquitin mediated proteolysis,6/140,0.0496231980785661,0.397909714860053,0,0,2.35213420766786,7.0641572599436095,CDC20;UBE2C;UBE2S;UBE2N;UBE2G1;SAE1
KEGG_2021_Human,Endocytosis,9/252,0.0501566867470655,0.397909714860053,0,0,1.95048309178744,5.837022407269924,ACTR3;RAB10;ARF4;SH3GL3;ACTR2;PRKCI;ARPC5L;ARPC5;RAB22A
KEGG_2021_Human,cAMP signaling pathway,8/216,0.0527817400861077,0.3986455141387623,0,0,2.023660621221597,5.952779805872959,NPR1;FXYD1;GNAI3;ATP2A2;MAPK1;ATP1A2;PPARA;RAPGEF3
KEGG_2021_Human,Human T-cell leukemia virus 1 infection,8/219,0.0563297188405695,0.3986455141387623,0,0,1.994579945799458,5.7374750698944,CDC20;CCNA2;CCNB2;PTTG1;CHEK1;BUB1B;MAPK1;MAD2L1
KEGG_2021_Human,Axon guidance,7/182,0.0574349309316412,0.3986455141387623,0,0,2.1024864864864865,6.007019623685992,ROBO3;ABLIM3;CFL1;GNAI3;SEMA3G;MAPK1;SLIT3
KEGG_2021_Human,Bacterial invasion of epithelial cells,4/77,0.0575785337856212,0.3986455141387623,0,0,2.871938007271659,8.198249910809887,ACTR3;ACTR2;ARPC5L;ARPC5
KEGG_2021_Human,Nucleotide excision repair,3/47,0.0586243403145238,0.3986455141387623,0,0,3.56933641225085,10.12479860199822,PCNA;RFC4;RFC2
KEGG_2021_Human,Leukocyte transendothelial migration,5/114,0.0647112254947701,0.4278131018820917,0,0,2.406283910427148,6.587973639763448,CLDN5;CLDN19;GNAI3;EZR;RAPGEF3
KEGG_2021_Human,Proximal tubule bicarbonate reclamation,2/23,0.0691338858229692,0.4446990493477478,0,0,4.978285714285715,13.300537120796166,CA4;ATP1A2
KEGG_2021_Human,Thyroid hormone signaling pathway,5/121,0.079034750327876,0.4831769833773035,0,0,2.2602660363366702,5.736256044213945,RHEB;ATP2A2;MAPK1;ATP1A2;ESR1
KEGG_2021_Human,Pathways in cancer,15/531,0.0791760603013228,0.4831769833773035,0,0,1.534353719645381,3.891245767964021,TPM3;GNAI3;ESR1;CKS1B;MSH6;CCNA2;AR;MSH2;ERBB2;CKS2;CYCS;BIRC5;MAPK1;IL6ST;GSTM5
KEGG_2021_Human,Cardiac muscle contraction,4/87,0.0821354163447229,0.4887057272511017,0,0,2.524629348493169,6.310023185627796,TPM3;TPM2;ATP2A2;ATP1A2
KEGG_2021_Human,Hepatitis B,6/162,0.0866616492227222,0.4891002647893395,0,0,2.018142235123367,4.935858923438938,CCNA2;PCNA;CYCS;BIRC5;MAPK1;YWHAZ
KEGG_2021_Human,Hippo signaling pathway,6/163,0.0886296425392777,0.4891002647893395,0,0,2.0051848163853934,4.859142130893922,MOB1A;PRKCI;BIRC5;YWHAZ;BMPR1A;YWHAH
KEGG_2021_Human,Hypertrophic cardiomyopathy,4/90,0.0903636080677107,0.4891002647893395,0,0,2.436186794687948,5.85638270981806,TPM3;TPM2;ATP2A2;ITGA7
KEGG_2021_Human,Biosynthesis of unsaturated fatty acids,2/27,0.091371389922105,0.4891002647893395,0,0,4.180906666666667,10.00416908962431,SCD5;HACD3
KEGG_2021_Human,Glutathione metabolism,3/57,0.0924769408215137,0.4891002647893395,0,0,2.906862745098039,6.920647062238758,RRM2;CHAC2;GSTM5
KEGG_2021_Human,Shigellosis,8/246,0.0950127212957325,0.4898938961497677,0,0,1.7658445492017945,4.156346874296282,ACTR3;ACTR2;AKT1S1;ARPC5L;UBE2N;CYCS;MAPK1;ARPC5
KEGG_2021_Human,cGMP-PKG signaling pathway,6/167,0.0967437526010045,0.4898938961497677,0,0,1.9549647586680283,4.566190702224299,NPR1;PDE2A;GNAI3;ATP2A2;MAPK1;ATP1A2
KEGG_2021_Human,TGF-beta signaling pathway,4/94,0.1019211658413517,0.5053591139633691,0,0,2.3274352100089364,5.314827820182251,ACVR1C;MAPK1;THSD4;BMPR1A
KEGG_2021_Human,Caffeine metabolism,1/6,0.107914771113714,0.5096748510822036,0,0,10.435106382978724,23.2328619311999,CYP1A2
KEGG_2021_Human,Dilated cardiomyopathy,4/96,0.1079428706622801,0.5096748510822036,0,0,2.27660566499592,5.068072911514157,TPM3;TPM2;ATP2A2;ITGA7
KEGG_2021_Human,Citrate cycle (TCA cycle),2/30,0.109216039517615,0.5096748510822036,0,0,3.732380952380952,8.265086440774601,ACLY;SDHC
KEGG_2021_Human,Yersinia infection,5/137,0.1175157316843815,0.537860464247746,0,0,1.9846652003910068,4.2495315220996055,ACTR3;ACTR2;ARPC5L;MAPK1;ARPC5
KEGG_2021_Human,Base excision repair,2/33,0.1278812263452105,0.5742590918898133,0,0,3.3706666666666667,6.932292942374472,FEN1;PCNA
KEGG_2021_Human,Apoptosis,5/142,0.1310760481793149,0.5777055456792031,0,0,1.911741621536771,3.884616159148129,TP53AIP1;CYCS;BIRC5;MAPK1;LMNB1
KEGG_2021_Human,Propanoate metabolism,2/34,0.134259760714618,0.5809786009105291,0,0,3.2651666666666666,6.556385584643525,ABAT;ACACB
KEGG_2021_Human,Adipocytokine signaling pathway,3/69,0.1412005233824168,0.587302189789609,0,0,2.37688381137579,4.652926537867805,LEP;PPARA;ACACB
KEGG_2021_Human,Riboflavin metabolism,1/8,0.1412400835807921,0.587302189789609,0,0,7.452887537993921,14.587492926501362,ACP1
KEGG_2021_Human,Breast cancer,5/147,0.1453077288703434,0.587302189789609,0,0,1.8439535059821293,3.55680471555633,CSNK1A1;ERBB2;MAPK1;PGR;ESR1
KEGG_2021_Human,Central carbon metabolism in cancer,3/70,0.1455917193175921,0.587302189789609,0,0,2.341288211349669,4.511543018908897,SLC7A5;ERBB2;MAPK1
KEGG_2021_Human,Aldosterone-regulated sodium reabsorption,2/37,0.1537951463711247,0.6000531940381587,0,0,2.984838095238095,5.588016227310061,MAPK1;ATP1A2
KEGG_2021_Human,Thyroid cancer,2/37,0.1537951463711247,0.6000531940381587,0,0,2.984838095238095,5.588016227310061,TPM3;MAPK1
KEGG_2021_Human,Gastric acid secretion,3/76,0.1728204450605802,0.6528772368955253,0,0,2.148194271481943,3.771159583340164,GNAI3;ATP1A2;EZR
KEGG_2021_Human,Pertussis,3/76,0.1728204450605802,0.6528772368955253,0,0,2.148194271481943,3.771159583340164,CFL1;GNAI3;MAPK1
KEGG_2021_Human,Bladder cancer,2/41,0.1806030570070399,0.6716176182449297,0,0,2.678153846153846,4.583536339146426,ERBB2;MAPK1
KEGG_2021_Human,Tryptophan metabolism,2/42,0.187412374471498,0.6862176172956391,0,0,2.611066666666667,4.372084597554547,CYP1A2;INMT
KEGG_2021_Human,ErbB signaling pathway,3/85,0.2159979754120432,0.7787261634883677,0,0,1.911536454936742,2.929403322925248,ERBB2;MAPK1;NRG2
KEGG_2021_Human,Non-homologous end-joining,1/13,0.2192212308979858,0.7787261634883677,0,0,4.346409574468085,6.596432249537418,FEN1
KEGG_2021_Human,ECM-receptor interaction,3/88,0.230867819324702,0.7963266811489723,0,0,1.8437873545139984,2.702826215669297,RELN;ITGA7;HMMR
KEGG_2021_Human,Gap junction,3/88,0.230867819324702,0.7963266811489723,0,0,1.8437873545139984,2.702826215669297,GNAI3;CDK1;MAPK1
KEGG_2021_Human,FoxO signaling pathway,4/131,0.2344191366042932,0.7970250644545969,0,0,1.646239260306939,2.388108066617024,CCNB2;CCNB1;PLK1;MAPK1
KEGG_2021_Human,Thiamine metabolism,1/15,0.2483986281367428,0.8077739043314313,0,0,3.725113981762918,5.188042427452689,ACP1
KEGG_2021_Human,Small cell lung cancer,3/92,0.2509700129111754,0.8077739043314313,0,0,1.7605599951931743,2.4338365483039426,CKS2;CYCS;CKS1B
KEGG_2021_Human,Autophagy,4/137,0.2589813456299504,0.8077739043314313,0,0,1.5714890443266345,2.123080511580178,RAB1A;RHEB;AKT1S1;MAPK1
KEGG_2021_Human,Estrogen signaling pathway,4/137,0.2589813456299504,0.8077739043314313,0,0,1.5714890443266345,2.123080511580178,GNAI3;MAPK1;PGR;ESR1
KEGG_2021_Human,Insulin signaling pathway,4/137,0.2589813456299504,0.8077739043314313,0,0,1.5714890443266345,2.123080511580178,PRKCI;RHEB;MAPK1;ACACB
KEGG_2021_Human,Endocrine and other factor-regulated calcium reabsorption,2/53,0.26386654490472,0.8077739043314313,0,0,2.046745098039216,2.726902677177475,ATP1A2;ESR1
KEGG_2021_Human,Fanconi anemia pathway,2/54,0.2708764903454673,0.8077739043314313,0,0,2.007282051282051,2.621695665579094,FANCI;UBE2T
KEGG_2021_Human,Prostate cancer,3/97,0.2764325525563357,0.8077739043314313,0,0,1.666486517237456,2.142749067057752,AR;ERBB2;MAPK1
KEGG_2021_Human,Selenocompound metabolism,1/17,0.2764884605328849,0.8077739043314313,0,0,3.2591422872340425,4.189908325324048,INMT
KEGG_2021_Human,Regulation of lipolysis in adipocytes,2/55,0.2778844200086165,0.8077739043314313,0,0,1.969308176100629,2.521797598900377,NPR1;GNAI3
KEGG_2021_Human,Aldosterone synthesis and secretion,3/98,0.2815581768642945,0.8077739043314313,0,0,1.6488601182099634,2.089792001257492,NPR1;PDE2A;ATP1A2
KEGG_2021_Human,Signaling pathways regulating pluripotency of stem cells,4/143,0.2840181209547152,0.8077739043314313,0,0,1.503192084402183,1.8920937866747845,ACVR1C;MAPK1;IL6ST;BMPR1A
KEGG_2021_Human,Hedgehog signaling pathway,2/56,0.2848879251528458,0.8077739043314313,0,0,1.9327407407407409,2.426864119717413,SCUBE2;CSNK1A1
KEGG_2021_Human,Human papillomavirus infection,8/331,0.2875945017649063,0.8077739043314313,0,0,1.2954432949902257,1.6143863192873045,CCNA2;PRKCI;RELN;CSNK1A1;RHEB;ITGA7;MAPK1;PPP2R5C
KEGG_2021_Human,Fatty acid biosynthesis,1/18,0.2901382347816707,0.8077739043314313,0,0,3.0672715894868587,3.795435110430706,ACACB
KEGG_2021_Human,Legionellosis,2/57,0.2918846881197608,0.8077739043314313,0,0,1.8975030303030305,2.336578511334177,RAB1A;CYCS
KEGG_2021_Human,Endometrial cancer,2/58,0.2988724796880214,0.8176051743189551,0,0,1.8635238095238096,2.2506490514511355,ERBB2;MAPK1
KEGG_2021_Human,Cell adhesion molecules,4/148,0.3051469568365216,0.822616391245615,0,0,1.4506255585344057,1.7218371135262618,CLDN5;VCAN;CLDN19;NECTIN2
KEGG_2021_Human,Long-term depression,2/60,0.3128126594610041,0.822616391245615,0,0,1.7990804597701149,2.090802795059579,GNAI3;MAPK1
KEGG_2021_Human,Mineral absorption,2/60,0.3128126594610041,0.822616391245615,0,0,1.7990804597701149,2.090802795059579,CYBRD1;ATP1A2
KEGG_2021_Human,"Parathyroid hormone synthesis, secretion and action",3/106,0.3227796420553497,0.822616391245615,0,0,1.5201702923005036,1.718986389252679,GNAI3;MAPK1;GATA3
KEGG_2021_Human,Th17 cell differentiation,3/107,0.3279442022355228,0.822616391245615,0,0,1.505476141505553,1.678473115091356,MAPK1;GATA3;IL6ST
KEGG_2021_Human,mTOR signaling pathway,4/154,0.3307071358229476,0.822616391245615,0,0,1.392171581769437,1.5404685961760187,SLC7A5;RHEB;AKT1S1;MAPK1
KEGG_2021_Human,Lysine degradation,2/63,0.3336047299483024,0.822616391245615,0,0,1.7103387978142075,1.8776072471726384,SUV39H2;EZH2
KEGG_2021_Human,Non-alcoholic fatty liver disease,4/155,0.3349808995977391,0.822616391245615,0,0,1.3828808834756672,1.5124316052981752,LEP;CYCS;SDHC;PPARA
KEGG_2021_Human,HIF-1 signaling pathway,3/109,0.3382706863302241,0.822616391245615,0,0,1.4769195843002725,1.6008462183155547,ERBB2;PGK1;MAPK1
KEGG_2021_Human,Terpenoid backbone biosynthesis,1/22,0.3422166177678263,0.822616391245615,0,0,2.482522796352584,2.662037388881101,PDSS1
KEGG_2021_Human,Proteoglycans in cancer,5/205,0.3442437879204464,0.822616391245615,0,0,1.3053091397849463,1.3919884370345843,ERBB2;HSPB2;MAPK1;EZR;ESR1
KEGG_2021_Human,PI3K-Akt signaling pathway,8/354,0.3517391241962564,0.822616391245615,0,0,1.207888841894199,1.2620813818646506,RELN;RHEB;ERBB2;ITGA7;MAPK1;PPP2R5C;YWHAZ;YWHAH
KEGG_2021_Human,Toxoplasmosis,3/112,0.3537403554187575,0.822616391245615,0,0,1.4360496492174852,1.4923314423889429,GNAI3;CYCS;MAPK1
KEGG_2021_Human,Protein export,1/23,0.3546294680286577,0.822616391245615,0,0,2.3695599613152805,2.4564796542164804,SRP9
KEGG_2021_Human,Serotonergic synapse,3/113,0.3588880953951573,0.822616391245615,0,0,1.4229217306757411,1.4581314324116832,GNAI3;MAPK1;RAPGEF3
KEGG_2021_Human,Acute myeloid leukemia,2/67,0.3610317676769928,0.822616391245615,0,0,1.6047589743589743,1.6349113129419812,CCNA2;MAPK1
KEGG_2021_Human,Long-term potentiation,2/67,0.3610317676769928,0.822616391245615,0,0,1.6047589743589743,1.6349113129419812,MAPK1;RAPGEF3
KEGG_2021_Human,MicroRNAs in cancer,7/310,0.3681052515300038,0.822616391245615,0,0,1.2063152261172063,1.2055749974548535,CDCA5;ERBB2;MAPK1;KIF23;EZR;RECK;EZH2
KEGG_2021_Human,Renal cell carcinoma,2/69,0.3745899080110544,0.822616391245615,0,0,1.5566965174129352,1.5285567839130627,PRCC;MAPK1
KEGG_2021_Human,Renin secretion,2/69,0.3745899080110544,0.822616391245615,0,0,1.5566965174129352,1.5285567839130627,NPR1;GNAI3
KEGG_2021_Human,Amyotrophic lateral sclerosis,8/364,0.3802184890165562,0.822616391245615,0,0,1.173350385189245,1.1346406412356067,DNAH3;RAB1A;ALYREF;HNRNPA2B1;SRSF3;CYCS;SDHC;NRG2
KEGG_2021_Human,Prolactin signaling pathway,2/70,0.381325147282004,0.822616391245615,0,0,1.5337254901960784,1.478669135937468,MAPK1;ESR1
KEGG_2021_Human,Sphingolipid signaling pathway,3/119,0.3896249478112513,0.822616391245615,0,0,1.3489074313110825,1.2714405878285808,GNAI3;MAPK1;PPP2R5C
KEGG_2021_Human,Folate biosynthesis,1/26,0.3904836979714239,0.822616391245615,0,0,2.0848936170212764,1.96056944484602,MOCS1
KEGG_2021_Human,Glycosylphosphatidylinositol (GPI)-anchor biosynthesis,1/26,0.3904836979714239,0.822616391245615,0,0,2.0848936170212764,1.96056944484602,PIGC
KEGG_2021_Human,Hepatocellular carcinoma,4/168,0.3905699672720777,0.822616391245615,0,0,1.2724122147387693,1.1962559925233691,CSNK1A1;ACTL6A;MAPK1;GSTM5
KEGG_2021_Human,Non-small cell lung cancer,2/72,0.3947015384623872,0.8240260188951593,0,0,1.489752380952381,1.3849116508376194,ERBB2;MAPK1
KEGG_2021_Human,Fatty acid elongation,1/27,0.4019880148944805,0.8319404134337945,0,0,2.0046031096563013,1.8268609747588835,HACD3
KEGG_2021_Human,PPAR signaling pathway,2/74,0.4079445887259496,0.8340541205278458,0,0,1.4482222222222223,1.2985106942435918,SCD5;PPARA
KEGG_2021_Human,Butanoate metabolism,1/28,0.4132757581525464,0.8340541205278458,0,0,1.930260047281324,1.7056554003786162,ABAT
KEGG_2021_Human,Platelet activation,3/124,0.414960614197727,0.8340541205278458,0,0,1.292835992398462,1.1371419113223695,PRKCI;GNAI3;MAPK1
KEGG_2021_Human,Metabolism of xenobiotics by cytochrome P450,2/76,0.4210455980668824,0.8340541205278458,0,0,1.408936936936937,1.2187503759427492,CYP1A2;GSTM5
KEGG_2021_Human,Pancreatic cancer,2/76,0.4210455980668824,0.8340541205278458,0,0,1.408936936936937,1.2187503759427492,ERBB2;MAPK1
KEGG_2021_Human,Linoleic acid metabolism,1/29,0.4243509943129507,0.8340541205278458,0,0,1.8612272036474165,1.595433441963927,CYP1A2
KEGG_2021_Human,Arrhythmogenic right ventricular cardiomyopathy,2/77,0.4275403474974671,0.8340541205278458,0,0,1.39008,1.1811601713066522,ATP2A2;ITGA7
KEGG_2021_Human,beta-Alanine metabolism,1/30,0.4352177135106774,0.8421285838661888,0,0,1.796955245781365,1.4949030300037214,ABAT
KEGG_2021_Human,Thermogenesis,5/232,0.4447509375781973,0.848955199068584,0,0,1.1484534129126995,0.9305238629598545,NPR1;RHEB;ACTL6A;AKT1S1;SDHC
KEGG_2021_Human,RNA polymerase,1/31,0.445879831443584,0.848955199068584,0,0,1.736968085106383,1.4029591958723866,POLR3K
KEGG_2021_Human,Nicotinate and nicotinamide metabolism,1/35,0.4865580626778932,0.893410901810826,0,0,1.5323060075093868,1.103871771789268,PNP
KEGG_2021_Human,Mucin type O-glycan biosynthesis,1/36,0.4962533879511868,0.893410901810826,0,0,1.488449848024316,1.0429101008031438,GALNT10
KEGG_2021_Human,GABAergic synapse,2/89,0.5022668934386334,0.893410901810826,0,0,1.197609195402299,0.8247020038369802,GNAI3;ABAT
KEGG_2021_Human,"Alanine, aspartate and glutamate metabolism",1/37,0.505766112374945,0.893410901810826,0,0,1.4470301418439715,0.9864128746271535,ABAT
KEGG_2021_Human,Parkinson disease,5/249,0.5062271792217652,0.893410901810826,0,0,1.067501762735766,0.7267228971019759,GNAI3;CYCS;UBE2G1;SDHC;MAPT
KEGG_2021_Human,Spinocerebellar ataxia,3/143,0.5075085242889972,0.893410901810826,0,0,1.1162910618792972,0.7571152274064722,RELN;CYCS;ATP2A2
KEGG_2021_Human,Morphine addiction,2/91,0.514101546990862,0.893410901810826,0,0,1.1705767790262172,0.7788250818051016,PDE2A;GNAI3
KEGG_2021_Human,Th1 and Th2 cell differentiation,2/92,0.5199489113622976,0.893410901810826,0,0,1.1575111111111112,0.7570408798938986,MAPK1;GATA3
KEGG_2021_Human,Various types of N-glycan biosynthesis,1/39,0.5242574144938449,0.893410901810826,0,0,1.3707306830907056,0.8851801337845037,RPN2
KEGG_2021_Human,Focal adhesion,4/201,0.5265755910187279,0.893410901810826,0,0,1.057470638668499,0.6782197759727999,RELN;ERBB2;ITGA7;MAPK1
KEGG_2021_Human,Phospholipase D signaling pathway,3/148,0.5305989455662323,0.893410901810826,0,0,1.0775216669739995,0.6828780898486894,RHEB;MAPK1;RAPGEF3
KEGG_2021_Human,IL-17 signaling pathway,2/94,0.531502038846785,0.893410901810826,0,0,1.132231884057971,0.7156251754595776,MAPK1;ELAVL1
KEGG_2021_Human,Gastric cancer,3/149,0.5351442433220448,0.893410901810826,0,0,1.0700864405538055,0.6690383258437524,CSNK1A1;ERBB2;MAPK1
KEGG_2021_Human,Pathways of neurodegeneration,9/475,0.540943956590538,0.893410901810826,0,0,1.0053939634260125,0.6177538624735809,DNAH3;RAB1A;CSNK1A1;CYCS;ATP2A2;MAPK1;UBE2G1;SDHC;MAPT
KEGG_2021_Human,Alzheimer disease,7/369,0.5463449055177266,0.893410901810826,0,0,1.006622368224578,0.6085080610145354,PSENEN;CSNK1A1;CYCS;ATP2A2;MAPK1;SDHC;MAPT
KEGG_2021_Human,Circadian entrainment,2/97,0.5484735544740938,0.893410901810826,0,0,1.0963087719298246,0.6584608247356406,GNAI3;MAPK1
KEGG_2021_Human,Choline metabolism in cancer,2/98,0.5540342881988388,0.893410901810826,0,0,1.084833333333333,0.6406252203220986,RHEB;MAPK1
KEGG_2021_Human,Oxytocin signaling pathway,3/154,0.5574910129261502,0.893410901810826,0,0,1.0343875057548606,0.6044018216165336,NPR1;GNAI3;MAPK1
KEGG_2021_Human,Rap1 signaling pathway,4/210,0.5611691645995762,0.893410901810826,0,0,1.0108019469533305,0.5839735176366507,PRKCI;GNAI3;MAPK1;RAPGEF3
KEGG_2021_Human,Melanogenesis,2/101,0.5704247279359955,0.893410901810826,0,0,1.0517979797979795,0.5904521010622934,GNAI3;MAPK1
KEGG_2021_Human,ABC transporters,1/45,0.5756926893853123,0.893410901810826,0,0,1.1834501934235977,0.6534790497621502,ABCA9
KEGG_2021_Human,Chagas disease,2/102,0.5757905271524353,0.893410901810826,0,0,1.0412266666666667,0.5747689405961963,GNAI3;MAPK1
KEGG_2021_Human,Longevity regulating pathway,2/102,0.5757905271524353,0.893410901810826,0,0,1.0412266666666667,0.5747689405961963,RHEB;AKT1S1
KEGG_2021_Human,Pancreatic secretion,2/102,0.5757905271524353,0.893410901810826,0,0,1.0412266666666667,0.5747689405961963,ATP2A2;ATP1A2
KEGG_2021_Human,Protein digestion and absorption,2/103,0.5811073273182367,0.893410901810826,0,0,1.0308646864686468,0.5595737738503939,SLC15A1;ATP1A2
KEGG_2021_Human,Type II diabetes mellitus,1/46,0.5837088951822642,0.893410901810826,0,0,1.1570921985815603,0.6229239263068611,MAPK1
KEGG_2021_Human,Carbohydrate digestion and absorption,1/47,0.5915740487082546,0.893410901810826,0,0,1.1318802035152635,0.5942013568490058,ATP1A2
KEGG_2021_Human,Other types of O-glycan biosynthesis,1/47,0.5915740487082546,0.893410901810826,0,0,1.1318802035152635,0.5942013568490058,GALNT10
KEGG_2021_Human,Pyruvate metabolism,1/47,0.5915740487082546,0.893410901810826,0,0,1.1318802035152635,0.5942013568490058,ACACB
KEGG_2021_Human,"Valine, leucine and isoleucine degradation",1/48,0.5992909889086697,0.893410901810826,0,0,1.107741059302852,0.567172292775305,ABAT
KEGG_2021_Human,Glucagon signaling pathway,2/107,0.6018835497443897,0.893410901810826,0,0,0.9913904761904762,0.5033203110871058,PPARA;ACACB
KEGG_2021_Human,Cocaine addiction,1/49,0.606862501496103,0.893410901810826,0,0,1.0846077127659577,0.5417106139315648,GNAI3
KEGG_2021_Human,Ether lipid metabolism,1/49,0.606862501496103,0.893410901810826,0,0,1.0846077127659577,0.5417106139315648,UGT8
KEGG_2021_Human,Sphingolipid metabolism,1/49,0.606862501496103,0.893410901810826,0,0,1.0846077127659577,0.5417106139315648,UGT8
KEGG_2021_Human,Insulin resistance,2/108,0.6069547792138659,0.893410901810826,0,0,0.9819874213836478,0.4903072911947751,PPARA;ACACB
KEGG_2021_Human,Cholesterol metabolism,1/50,0.6142913197950082,0.893410901810826,0,0,1.0624185844550589,0.5177017035662768,STARD3
KEGG_2021_Human,N-Glycan biosynthesis,1/50,0.6142913197950082,0.893410901810826,0,0,1.0624185844550589,0.5177017035662768,RPN2
KEGG_2021_Human,Vibrio cholerae infection,1/50,0.6142913197950082,0.893410901810826,0,0,1.0624185844550589,0.5177017035662768,KDELR1
KEGG_2021_Human,Human cytomegalovirus infection,4/225,0.6156276802393927,0.893410901810826,0,0,0.9414676161246104,0.4567180981082215,RHEB;GNAI3;CYCS;MAPK1
KEGG_2021_Human,Cholinergic synapse,2/113,0.631575533015272,0.9066299728097496,0,0,0.9375135135135136,0.4308228369558407,GNAI3;MAPK1
KEGG_2021_Human,Influenza A,3/172,0.632355359186632,0.9066299728097496,0,0,0.923361706167136,0.4231801470024861,CYCS;MAPK1;KPNA2
KEGG_2021_Human,Glutamatergic synapse,2/114,0.636353127277885,0.9068984688151892,0,0,0.929095238095238,0.4199525696229423,GNAI3;MAPK1
KEGG_2021_Human,"Growth hormone synthesis, secretion and action",2/119,0.6595147112444811,0.9343125075963484,0,0,0.8891623931623932,0.3701147356809781,GNAI3;MAPK1
KEGG_2021_Human,Notch signaling pathway,1/59,0.6751558447004256,0.9447655322863692,0,0,0.8971478356566398,0.3524101967282061,PSENEN
KEGG_2021_Human,VEGF signaling pathway,1/59,0.6751558447004256,0.9447655322863692,0,0,0.8971478356566398,0.3524101967282061,MAPK1
KEGG_2021_Human,Viral myocarditis,1/60,0.681297248435668,0.9447655322863692,0,0,0.8818968626036783,0.3384337238241774,CYCS
KEGG_2021_Human,Steroid hormone biosynthesis,1/61,0.6873228462356883,0.9447655322863692,0,0,0.8671542553191489,0.3251404946668726,CYP1A2
KEGG_2021_Human,Cytosolic DNA-sensing pathway,1/63,0.6990352950567865,0.9447655322863692,0,0,0.839095744680851,0.3004416250047048,POLR3K
KEGG_2021_Human,Relaxin signaling pathway,2/129,0.7022768228953551,0.9447655322863692,0,0,0.8187296587926509,0.2893616731560948,GNAI3;MAPK1
KEGG_2021_Human,GnRH secretion,1/64,0.7047263802038123,0.9447655322863692,0,0,0.8257345491388045,0.2889622256570043,MAPK1
KEGG_2021_Human,Kaposi sarcoma-associated herpesvirus infection,3/193,0.7080188309897938,0.9447655322863692,0,0,0.8204193639178159,0.2832781622207759,CYCS;MAPK1;IL6ST
KEGG_2021_Human,Inflammatory bowel disease,1/65,0.7103101294111773,0.9447655322863692,0,0,0.8127908909574468,0.2780180521925331,GATA3
KEGG_2021_Human,Dopaminergic synapse,2/132,0.7142055401050101,0.9447655322863692,0,0,0.7997128205128206,0.2691709292589048,GNAI3;PPP2R5C
KEGG_2021_Human,Vascular smooth muscle contraction,2/133,0.718091895867065,0.9447655322863692,0,0,0.7935674300254453,0.2627959882934694,NPR1;MAPK1
KEGG_2021_Human,Glycolysis / Gluconeogenesis,1/67,0.7211636581874695,0.9447655322863692,0,0,0.7880802707930368,0.2576149132396882,PGK1
KEGG_2021_Human,Herpes simplex virus 1 infection,8/498,0.7251099205549619,0.9447655322863692,0,0,0.8465460981140424,0.2721070232382862,RHEB;ALYREF;ZNF528;SRSF3;CYCS;ZNF44;SRSF5;NECTIN2
KEGG_2021_Human,Fc epsilon RI signaling pathway,1/68,0.7264373630605275,0.9447655322863692,0,0,0.7762781835503334,0.2481008495611087,MAPK1
KEGG_2021_Human,Retinol metabolism,1/68,0.7264373630605275,0.9447655322863692,0,0,0.7762781835503334,0.2481008495611087,CYP1A2
KEGG_2021_Human,Apelin signaling pathway,2/137,0.7331955405109272,0.9461372200825502,0,0,0.7698962962962963,0.2389318071495813,GNAI3;MAPK1
KEGG_2021_Human,Diabetic cardiomyopathy,3/203,0.7396102897477664,0.9461372200825502,0,0,0.7789973262032086,0.234970417875944,ATP2A2;SDHC;PPARA
KEGG_2021_Human,Fluid shear stress and atherosclerosis,2/139,0.7404864764813596,0.9461372200825502,0,0,0.7585790754257907,0.2279134963602784,BMPR1A;GSTM5
KEGG_2021_Human,Melanoma,1/72,0.7465558848227775,0.9461372200825502,0,0,0.7323943661971831,0.2140677425660397,MAPK1
KEGG_2021_Human,Inositol phosphate metabolism,1/73,0.7513505392127143,0.9461372200825502,0,0,0.7221852836879432,0.2064604758507887,INPP4B
KEGG_2021_Human,Prion disease,4/273,0.7595170493431838,0.9461372200825502,0,0,0.7715598433279847,0.2122349020122806,STIP1;CYCS;MAPK1;SDHC
KEGG_2021_Human,Glioma,1/75,0.7606701409776027,0.9461372200825502,0,0,0.7025948821161587,0.1921986730447253,MAPK1
KEGG_2021_Human,Thyroid hormone synthesis,1/75,0.7606701409776027,0.9461372200825502,0,0,0.7025948821161587,0.1921986730447253,ATP1A2
KEGG_2021_Human,Chronic myeloid leukemia,1/76,0.7651984616386234,0.9461372200825502,0,0,0.6931914893617022,0.1855119423058034,MAPK1
KEGG_2021_Human,Leishmaniasis,1/77,0.7696413249724752,0.9461372200825502,0,0,0.6840355543113102,0.1791014973272584,MAPK1
KEGG_2021_Human,Retrograde endocannabinoid signaling,2/148,0.7712210953614064,0.9461372200825502,0,0,0.7114885844748858,0.1848306340484697,GNAI3;MAPK1
KEGG_2021_Human,RNA degradation,1/79,0.7782770833974529,0.949897158197917,0,0,0.6664279869067103,0.1670552827631454,LSM4
KEGG_2021_Human,B cell receptor signaling pathway,1/81,0.786589925653326,0.950367604098696,0,0,0.6497007978723405,0.1559595243009461,MAPK1
KEGG_2021_Human,Cushing syndrome,2/155,0.7928894146582196,0.950367604098696,0,0,0.6786928104575164,0.1575052714252155,GNAI3;MAPK1
KEGG_2021_Human,Insulin secretion,1/86,0.8060372115368424,0.950367604098696,0,0,0.6113266583229037,0.1318175365135555,ATP1A2
KEGG_2021_Human,Taste transduction,1/86,0.8060372115368424,0.950367604098696,0,0,0.6113266583229037,0.1318175365135555,SCN3A
KEGG_2021_Human,Cytokine-cytokine receptor interaction,4/295,0.8098513038735861,0.950367604098696,0,0,0.7124181200077389,0.1502522754691335,ACVR1C;LEP;IL6ST;BMPR1A
KEGG_2021_Human,JAK-STAT signaling pathway,2/162,0.8127283828104116,0.950367604098696,0,0,0.6487666666666667,0.1345271646056396,LEP;IL6ST
KEGG_2021_Human,Coronavirus disease,3/232,0.816020122097505,0.950367604098696,0,0,0.6793312005230834,0.138119082312813,MAPK1;RPS11;IL6ST
KEGG_2021_Human,PD-L1 expression and PD-1 checkpoint pathway in cancer,1/89,0.8168463867224541,0.950367604098696,0,0,0.5903953094777563,0.1194394643159665,MAPK1
KEGG_2021_Human,Bile secretion,1/90,0.8203142335264031,0.950367604098696,0,0,0.583731771455893,0.1156184680618798,ATP1A2
KEGG_2021_Human,Wnt signaling pathway,2/166,0.8232889796482387,0.950367604098696,0,0,0.6328130081300813,0.1230492303556925,CSNK1A1;CACYBP
KEGG_2021_Human,GnRH signaling pathway,1/93,0.8303297425434961,0.950367604098696,0,0,0.5646103145235892,0.1049793378092382,MAPK1
KEGG_2021_Human,Salivary secretion,1/93,0.8303297425434961,0.950367604098696,0,0,0.5646103145235892,0.1049793378092382,ATP1A2
KEGG_2021_Human,Phosphatidylinositol signaling system,1/97,0.8428229111621819,0.950367604098696,0,0,0.5409740691489362,0.0925057072141108,INPP4B
KEGG_2021_Human,Glycerophospholipid metabolism,1/98,0.8458001066829578,0.950367604098696,0,0,0.5353695985961834,0.0896595393792646,GPD1
KEGG_2021_Human,AGE-RAGE signaling pathway in diabetic complications,1/100,0.851586816325218,0.950367604098696,0,0,0.5245003223726628,0.0842629841292361,MAPK1
KEGG_2021_Human,Viral protein interaction with cytokine and cytokine receptor,1/100,0.851586816325218,0.950367604098696,0,0,0.5245003223726628,0.0842629841292361,IL6ST
KEGG_2021_Human,Tuberculosis,2/180,0.8561647741522749,0.950367604098696,0,0,0.582621722846442,0.0904767420607254,CYCS;MAPK1
KEGG_2021_Human,NOD-like receptor signaling pathway,2/181,0.8582856860011014,0.950367604098696,0,0,0.5793370577281192,0.0885332854885148,MAPK1;SUGT1
KEGG_2021_Human,C-type lectin receptor signaling pathway,1/104,0.862518497837472,0.950367604098696,0,0,0.5040280933691386,0.0745450914757245,MAPK1
KEGG_2021_Human,T cell receptor signaling pathway,1/104,0.862518497837472,0.950367604098696,0,0,0.5040280933691386,0.0745450914757245,MAPK1
KEGG_2021_Human,Toll-like receptor signaling pathway,1/104,0.862518497837472,0.950367604098696,0,0,0.5040280933691386,0.0745450914757245,MAPK1
KEGG_2021_Human,Alcoholism,2/186,0.8684680566804641,0.9525133524882508,0,0,0.5634492753623188,0.0794601375992384,GNAI3;MAPK1
KEGG_2021_Human,Chemokine signaling pathway,2/192,0.8797994742359085,0.9541972220576492,0,0,0.5454877192982456,0.0698558488277728,GNAI3;MAPK1
KEGG_2021_Human,Transcriptional misregulation in cancer,2/192,0.8797994742359085,0.9541972220576492,0,0,0.5454877192982456,0.0698558488277728,CCNA2;PRCC
KEGG_2021_Human,TNF signaling pathway,1/112,0.8820310455995077,0.9541972220576492,0,0,0.4675100632547441,0.0586856146753633,MAPK1
KEGG_2021_Human,Epstein-Barr virus infection,2/202,0.8967029683489806,0.9614599434859372,0,0,0.5179466666666667,0.0564720413903187,CCNA2;CYCS
KEGG_2021_Human,Neurotrophin signaling pathway,1/119,0.8968239808986475,0.9614599434859372,0,0,0.4396186440677966,0.0478725654983737,MAPK1
KEGG_2021_Human,Osteoclast differentiation,1/127,0.9114778454911938,0.9614873058922736,0,0,0.4115374873353596,0.0381445828024558,MAPK1
KEGG_2021_Human,Lysosome,1/128,0.9131571148400024,0.9614873058922736,0,0,0.4082760931479309,0.0370907916750215,M6PR
KEGG_2021_Human,Lipid and atherosclerosis,2/215,0.9153820143959124,0.9614873058922736,0,0,0.4860093896713615,0.0429699363759737,CYCS;MAPK1
KEGG_2021_Human,MAPK signaling pathway,3/294,0.917741814471404,0.9614873058922736,0,0,0.5328849440432218,0.045742404377841,ERBB2;MAPK1;MAPT
KEGG_2021_Human,Natural killer cell mediated cytotoxicity,1/131,0.918006667537283,0.9614873058922736,0,0,0.3987929623567921,0.0341169872850981,MAPK1
KEGG_2021_Human,Oxidative phosphorylation,1/133,0.9210886795942788,0.9614873058922736,0,0,0.3927103481624758,0.0322803826548029,SDHC
KEGG_2021_Human,Measles,1/139,0.9296585047286228,0.9625292224726404,0,0,0.3755203515263645,0.0273896881856146,CYCS
KEGG_2021_Human,Huntington disease,3/306,0.930175299028182,0.9625292224726404,0,0,0.511462910996982,0.0370208194208649,DNAH3;CYCS;SDHC
KEGG_2021_Human,Calcium signaling pathway,2/240,0.9427383839900992,0.9696185736076194,0,0,0.4343977591036415,0.0256148999673214,ERBB2;ATP2A2
KEGG_2021_Human,Phagosome,1/152,0.9451744078864188,0.9696185736076194,0,0,0.3429618148513456,0.0193381796976611,M6PR
KEGG_2021_Human,Ribosome,1/158,0.9511338556114688,0.9715444533713714,0,0,0.3297533541130234,0.016520799297428,RPS11
KEGG_2021_Human,RNA transport,1/186,0.9714508695466112,0.9854715266424812,0,0,0.2794422081656124,0.008093927085671,ALYREF
KEGG_2021_Human,Neutrophil extracellular trap formation,1/189,0.9730496166427862,0.9854715266424812,0,0,0.2749405839746491,0.007511433015245,MAPK1
KEGG_2021_Human,Ras signaling pathway,1/232,0.9882122479460264,0.9965869280133656,0,0,0.2232660956065211,0.0026474398970399,MAPK1
KEGG_2021_Human,Neuroactive ligand-receptor interaction,1/341,0.9985607253968374,0.9997866969400316,0,0,0.1508369837296621,0.0002172522202316703,LEP
KEGG_2021_Human,Olfactory transduction,1/440,0.9997866969400316,0.9997866969400316,0,0,0.1162215867784616,2.4793064406502543e-05,PDE2A
